{"cameraMode":{"drawMode":0,"name":"Shaded","section":"Shading Mode"},"sceneLighting":true,"audioPlay":false,"sceneViewState":{"m_AlwaysRefresh":false,"showFog":true,"showSkybox":true,"showFlares":true,"showImageEffects":true,"showParticleSystems":true,"showVisualEffectGraphs":true,"m_FxEnabled":true},"in2DMode":false,"pivot":{"x":1.6955652236938477,"y":0.4033055901527405,"z":0.32671451568603518},"rotation":{"x":-0.077816903591156,"y":0.8603911995887756,"z":-0.13823992013931275,"w":-0.48432111740112307},"size":1.6067848205566407,"orthographic":false}