{"cameraMode":{"drawMode":0,"name":"Shaded","section":"Shading Mode"},"sceneLighting":true,"audioPlay":false,"sceneViewState":{"m_AlwaysRefresh":false,"showFog":true,"showSkybox":true,"showFlares":true,"showImageEffects":true,"showParticleSystems":true,"showVisualEffectGraphs":true,"m_FxEnabled":true},"in2DMode":false,"pivot":{"x":1.1666957139968873,"y":1.1671926975250245,"z":-0.6612874269485474},"rotation":{"x":-0.09832704812288284,"y":0.8983246088027954,"z":-0.2591048777103424,"w":-0.34090328216552737},"size":3.737043619155884,"orthographic":false}