{"cameraMode":{"drawMode":0,"name":"Shaded","section":"Shading Mode"},"sceneLighting":true,"audioPlay":false,"sceneViewState":{"m_AlwaysRefresh":false,"showFog":true,"showSkybox":true,"showFlares":true,"showImageEffects":true,"showParticleSystems":true,"showVisualEffectGraphs":true,"m_FxEnabled":true},"in2DMode":false,"pivot":{"x":1.4813637733459473,"y":0.8654489517211914,"z":-0.4388366937637329},"rotation":{"x":-0.09832704812288284,"y":0.8983246088027954,"z":-0.2591048777103424,"w":-0.34090328216552737},"size":2.458669662475586,"orthographic":false}