{"cameraMode":{"drawMode":0,"name":"Shaded","section":"Shading Mode"},"sceneLighting":true,"audioPlay":false,"sceneViewState":{"m_AlwaysRefresh":false,"showFog":true,"showSkybox":true,"showFlares":true,"showImageEffects":true,"showParticleSystems":true,"showVisualEffectGraphs":true,"m_FxEnabled":true},"in2DMode":false,"pivot":{"x":30.934099197387697,"y":1.8992831707000733,"z":-25.715980529785158},"rotation":{"x":-0.0018090474186465145,"y":0.9016280770301819,"z":0.003779658116400242,"w":0.4325386881828308},"size":28.991046905517579,"orthographic":false}