{"cameraMode":{"drawMode":0,"name":"Shaded","section":"Shading Mode"},"sceneLighting":false,"audioPlay":false,"sceneViewState":{"m_AlwaysRefresh":false,"showFog":true,"showSkybox":true,"showFlares":true,"showImageEffects":true,"showParticleSystems":true,"showVisualEffectGraphs":true,"m_FxEnabled":true},"in2DMode":false,"pivot":{"x":-203.67160034179688,"y":93.97819519042969,"z":-139.26028442382813},"rotation":{"x":0.11212214082479477,"y":0.09173611551523209,"z":-0.010263643227517605,"w":0.9895872473716736},"size":31.909313201904298,"orthographic":false}