{"cameraMode":{"drawMode":0,"name":"Shaded","section":"Shading Mode"},"sceneLighting":true,"audioPlay":false,"sceneViewState":{"m_AlwaysRefresh":false,"showFog":true,"showSkybox":true,"showFlares":true,"showImageEffects":true,"showParticleSystems":true,"showVisualEffectGraphs":true,"m_FxEnabled":false},"in2DMode":false,"pivot":{"x":-20.262351989746095,"y":-13.649696350097657,"z":59.985267639160159},"rotation":{"x":0.20873312652111054,"y":-0.3474816083908081,"z":0.07964129000902176,"w":0.9106947183609009},"size":63.82256317138672,"orthographic":false}