{"cameraMode":{"drawMode":0,"name":"Shaded","section":"Shading Mode"},"sceneLighting":true,"audioPlay":false,"sceneViewState":{"m_AlwaysRefresh":false,"showFog":true,"showSkybox":true,"showFlares":true,"showImageEffects":true,"showParticleSystems":true,"showVisualEffectGraphs":true,"m_FxEnabled":false},"in2DMode":false,"pivot":{"x":52.52180099487305,"y":0.424981951713562,"z":292.2471008300781},"rotation":{"x":-0.003862598678097129,"y":-0.9709267020225525,"z":0.23914813995361329,"w":-0.015403770841658116},"size":5.419726371765137,"orthographic":false}