{"cameraMode":{"drawMode":0,"name":"Shaded","section":"Shading Mode"},"sceneLighting":true,"audioPlay":false,"sceneViewState":{"m_AlwaysRefresh":false,"showFog":true,"showSkybox":true,"showFlares":true,"showImageEffects":true,"showParticleSystems":true,"showVisualEffectGraphs":true,"m_FxEnabled":false},"in2DMode":false,"pivot":{"x":14.372644424438477,"y":7.008382320404053,"z":-2.7687435150146486},"rotation":{"x":0.015961235389113427,"y":-0.9831042289733887,"z":0.1054062619805336,"w":0.14887358248233796},"size":11.972051620483399,"orthographic":false}