{"cameraMode":{"drawMode":0,"name":"Shaded","section":"Shading Mode"},"sceneLighting":true,"audioPlay":false,"sceneViewState":{"m_AlwaysRefresh":false,"showFog":true,"showSkybox":true,"showFlares":true,"showImageEffects":true,"showParticleSystems":true,"showVisualEffectGraphs":true,"m_FxEnabled":false},"in2DMode":false,"pivot":{"x":113.01518249511719,"y":20.17564582824707,"z":63.19338607788086},"rotation":{"x":-0.03466344252228737,"y":0.9624677896499634,"z":-0.17128309607505799,"w":-0.21108931303024293},"size":1.0529073476791382,"orthographic":false}