{"cameraMode":{"drawMode":0,"name":"Shaded","section":"Shading Mode"},"sceneLighting":true,"audioPlay":false,"sceneViewState":{"m_AlwaysRefresh":false,"showFog":true,"showSkybox":true,"showFlares":true,"showImageEffects":true,"showParticleSystems":true,"showVisualEffectGraphs":true,"m_FxEnabled":false},"in2DMode":false,"pivot":{"x":-7.375143051147461,"y":1.8810793161392213,"z":19.421871185302736},"rotation":{"x":0.007602970581501722,"y":0.18391256034374238,"z":0.0001343287294730544,"w":-0.9835430979728699},"size":10.324610710144043,"orthographic":false}