{"cameraMode":{"drawMode":0,"name":"Shaded","section":"Shading Mode"},"sceneLighting":true,"audioPlay":false,"sceneViewState":{"m_AlwaysRefresh":false,"showFog":true,"showSkybox":true,"showFlares":true,"showImageEffects":true,"showParticleSystems":true,"showVisualEffectGraphs":true,"m_FxEnabled":false},"in2DMode":false,"pivot":{"x":-5.920079231262207,"y":3.4989352226257326,"z":2.0902769565582277},"rotation":{"x":0.05674721673130989,"y":0.7104774117469788,"z":-0.05767536535859108,"w":0.6990567445755005},"size":0.8660253882408142,"orthographic":false}