{"cameraMode":{"drawMode":0,"name":"Shaded","section":"Shading Mode"},"sceneLighting":true,"audioPlay":false,"sceneViewState":{"m_AlwaysRefresh":false,"showFog":true,"showSkybox":true,"showFlares":true,"showImageEffects":true,"showParticleSystems":true,"showVisualEffectGraphs":true,"m_FxEnabled":false},"in2DMode":false,"pivot":{"x":244.1017303466797,"y":-46.944236755371097,"z":200.61204528808595},"rotation":{"x":-0.027761008590459825,"y":-0.9547985792160034,"z":0.2857818901538849,"w":-0.08566366881132126},"size":47.29780578613281,"orthographic":false}