{"cameraMode":{"drawMode":0,"name":"Shaded","section":"Shading Mode"},"sceneLighting":true,"audioPlay":false,"sceneViewState":{"m_AlwaysRefresh":false,"showFog":true,"showSkybox":true,"showFlares":true,"showImageEffects":true,"showParticleSystems":true,"showVisualEffectGraphs":true,"m_FxEnabled":true},"in2DMode":false,"pivot":{"x":0.3924604058265686,"y":3.981415033340454,"z":1.3604605197906495},"rotation":{"x":0.1449924260377884,"y":-0.06377685815095902,"z":0.009364679455757141,"w":0.9873378872871399},"size":1.8635001182556153,"orthographic":false}