{"cameraMode":{"drawMode":0,"name":"Shaded","section":"Shading Mode"},"sceneLighting":true,"audioPlay":false,"sceneViewState":{"m_AlwaysRefresh":false,"showFog":true,"showSkybox":true,"showFlares":true,"showImageEffects":true,"showParticleSystems":true,"showVisualEffectGraphs":true,"m_FxEnabled":false},"in2DMode":false,"pivot":{"x":13.938837051391602,"y":19.57731819152832,"z":6.56102180480957},"rotation":{"x":0.0023654710967093708,"y":0.9062464833259583,"z":-0.4244430959224701,"w":-0.002088095061480999},"size":16.733444213867189,"orthographic":false}